{
  "timestamp": "2026-03-26T15:25:33.365676",
  "num_episodes": 50,
  "custom_dqn": {
    "rewards": [
      1.6000371704030871,
      20.571645133062454,
      20.862829877455603,
      23.06947293443447,
      20.53990916180272,
      1.9602091714909529,
      21.048900720683527,
      1.5974290027069835,
      21.505901446954827,
      20.656979859131116,
      22.005681818181827,
      20.571645133062454,
      21.32616214012711,
      20.454545454545464,
      21.647727272727284,
      20.454545454545464,
      21.48742130983397,
      20.454545454545464,
      21.493892960608196,
      20.454545454545464,
      22.479527918154627,
      10.491895087915792,
      20.454545454545464,
      14.793623737515235,
      24.236501303874807,
      18.766620233335466,
      20.924010110162946,
      21.723823220625395,
      20.53990916180272,
      20.715365313208867,
      20.454545454545464,
      20.571645133062454,
      21.008150273049626,
      20.454545454545464,
      2.395910266581573,
      20.454545454545464,
      21.414522896546412,
      20.573863636363644,
      13.307636751424505,
      20.454545454545464,
      20.571645133062454,
      20.454545454545464,
      20.971605895255816,
      20.816596630269256,
      21.886363636363647,
      20.693181818181827,
      20.54087259229282,
      21.839592551984314,
      20.6513748194199,
      21.419493772874887
    ],
    "episode_lengths": [
      3,
      30,
      30,
      30,
      30,
      3,
      30,
      3,
      30,
      30,
      30,
      30,
      30,
      30,
      30,
      30,
      30,
      30,
      30,
      30,
      30,
      14,
      30,
      19,
      30,
      27,
      30,
      30,
      30,
      30,
      30,
      30,
      30,
      30,
      4,
      30,
      30,
      30,
      20,
      30,
      30,
      30,
      30,
      30,
      30,
      30,
      30,
      30,
      30,
      30
    ],
    "stats": {
      "mean": 18.996500631029004,
      "std": 5.478006781443244,
      "min": 1.5974290027069835,
      "max": 24.236501303874807,
      "median": 20.57275438471305
    }
  },
  "stable_baselines": {
    "rewards": [
      20.95901221383079,
      12.959012213835136,
      3.9590471683324666,
      1.9602091714909529,
      1.9602091714909529,
      9.959012214701307,
      12.989439823258367,
      4.959018187143877,
      11.959012213856212,
      1.0543947944607421,
      5.959013234599721,
      24.95901221383079,
      2.19780350286469,
      11.27719403203803,
      1.9602091714909529,
      0.9660165442504834,
      3.9590471683324666,
      5.959013234599721,
      8.959012218924851,
      3.123423724599727,
      5.277195052781539,
      9.05411322413658,
      15.959012213830812,
      5.959013234599721,
      13.959012213831533,
      15.959012213830812,
      13.959012213831533,
      7.9590122436400925,
      18.95901221383079,
      5.959013234599721,
      12.959012213835136,
      19.123406153224728,
      3.9590471683324666,
      4.959018187143877,
      3.9590471683324666,
      13.989439823258394,
      17.95901221383079,
      1.2783909896727712,
      3.9590471683324666,
      8.959012218924851,
      5.959013234599721,
      7.9590122436400925,
      18.277194032012606,
      3.9590471683324666,
      1.0543947944607421,
      14.959012213830917,
      16.959012213830793,
      4.959018187143877,
      12.959012213835136,
      2.19780350286469
    ],
    "episode_lengths": [
      22,
      14,
      5,
      3,
      3,
      11,
      14,
      6,
      13,
      2,
      7,
      26,
      3,
      12,
      3,
      2,
      5,
      7,
      10,
      4,
      6,
      10,
      17,
      7,
      15,
      17,
      15,
      9,
      20,
      7,
      14,
      20,
      5,
      6,
      5,
      15,
      19,
      2,
      5,
      10,
      7,
      9,
      19,
      5,
      2,
      16,
      18,
      6,
      14,
      3
    ],
    "stats": {
      "mean": 8.907769467725686,
      "std": 6.168915266808284,
      "min": 0.9660165442504834,
      "max": 24.95901221383079,
      "median": 6.959012739119906
    }
  },
  "comparison": {
    "difference": -10.088731163303319,
    "percent_difference": -53.10836642631076,
    "winner": "Custom DQN"
  }
}