{
  "timestamp": "2026-03-24T20:10:59.320864",
  "num_episodes": 50,
  "custom_dqn": {
    "rewards": [
      7.335378762970746,
      8.959012218924851,
      24.73393922259645,
      2.766160496208155,
      11.459409974242291,
      3.275379417844259,
      3.9590471683324666,
      6.989439821899443,
      20.631047154418283,
      1.9602091714909529,
      5.959013234599721,
      23.47966998658419,
      2.9573710298187494,
      8.955583349627183,
      1.9602091714909529,
      4.957177290232426,
      23.2877902683191,
      3.9590471683324666,
      3.9590471683324666,
      13.959012213831533,
      8.439011145299618,
      3.046013714581292,
      2.9592167598122607,
      9.474095868766554,
      3.9590471683324666,
      8.959012218924851,
      22.047986076386948,
      20.968366486034586,
      8.951632440859829,
      12.99947084309016,
      1.2783909896727712,
      4.959018187143877,
      6.607954400826444,
      7.275343758307909,
      4.52260171814956,
      12.123406153226915,
      21.83939428228502,
      6.957171472012259,
      9.491929166251959,
      20.88881643832926,
      2.9592167598122607,
      7.249010949113754,
      6.955057994429708,
      9.653256122656149,
      3.5962957630334027,
      2.766160496208155,
      1.9602091714909529,
      21.98242438124891,
      1.2783909896727712,
      24.373329230086778
    ],
    "episode_lengths": [
      11,
      10,
      30,
      4,
      17,
      4,
      5,
      8,
      30,
      3,
      7,
      30,
      4,
      10,
      3,
      6,
      30,
      5,
      5,
      15,
      10,
      4,
      4,
      11,
      5,
      10,
      30,
      30,
      10,
      15,
      2,
      6,
      9,
      8,
      7,
      13,
      30,
      8,
      13,
      30,
      4,
      10,
      8,
      13,
      5,
      4,
      3,
      30,
      2,
      30
    ],
    "stats": {
      "mean": 9.32048350872288,
      "std": 7.234342090419142,
      "min": 1.2783909896727712,
      "max": 24.73393922259645,
      "median": 7.119225385506598
    }
  },
  "stable_baselines": {
    "rewards": [
      10.959012213979552,
      5.959013234599721,
      3.9590471683324666,
      9.98943982325162,
      10.197648577579828,
      7.197648600045051,
      5.989439815306069,
      5.959013234599721,
      15.959012213830812,
      14.19764857746725,
      4.959018187143877,
      10.959012213979552,
      18.989439823258397,
      8.197648581325453,
      8.197648581325453,
      11.123406153237509,
      10.959012213979552,
      14.277194032012735,
      1.9602091714909529,
      7.197648600045051,
      3.9590471683324666,
      7.277194061821911,
      22.197648577467152,
      4.277200005325695,
      18.95901221383079,
      6.959012388268193,
      1.9602091714909529,
      6.959012388268193,
      1.1985551664893401,
      6.989439821899443,
      8.959012218924851,
      8.123406155785478,
      11.959012213856212,
      18.277194032012606,
      13.959012213831533,
      1.9602091714909529,
      6.959012388268193,
      1.9602091714909529,
      12.989439823258367,
      22.95901221383079,
      7.9590122436400925,
      1.1240078551770405,
      4.959018187143877,
      10.959012213979552,
      12.959012213835136,
      9.959012214701307,
      5.959013234599721,
      15.959012213830812,
      7.9590122436400925,
      3.9590471683324666
    ],
    "episode_lengths": [
      12,
      7,
      5,
      11,
      11,
      8,
      7,
      7,
      17,
      15,
      6,
      12,
      20,
      9,
      9,
      12,
      12,
      15,
      3,
      8,
      5,
      8,
      23,
      5,
      20,
      8,
      3,
      8,
      2,
      8,
      10,
      9,
      13,
      19,
      15,
      3,
      8,
      3,
      14,
      24,
      9,
      2,
      6,
      12,
      14,
      11,
      7,
      17,
      9,
      5
    ],
    "stats": {
      "mean": 9.155683427432296,
      "std": 5.314260935475624,
      "min": 1.1240078551770405,
      "max": 22.95901221383079,
      "median": 8.041209199712785
    }
  },
  "comparison": {
    "difference": -0.16480008129058454,
    "percent_difference": -1.7681494864118474,
    "winner": "Custom DQN"
  }
}