{
  "timestamp": "2026-03-27T15:26:05.627256",
  "num_episodes": 50,
  "custom_dqn": {
    "rewards": [
      2.5152087557351916,
      23.746823136443826,
      2.727272727272727,
      20.778516313876217,
      20.93181818181819,
      4.804582538865327,
      10.13351617558867,
      21.168236042153367,
      21.081872701958662,
      22.519474528270862,
      20.90941326911509,
      21.303355963644417,
      20.573863636363644,
      21.209682707052075,
      20.571645133062454,
      23.64365983429077,
      20.571645133062454,
      21.96245838963144,
      1.3636363636363635,
      1.5974290027069837,
      20.454545454545464,
      11.404884131528979,
      20.454545454545464,
      20.886238081785933,
      20.454545454545464,
      20.454545454545464,
      13.039880180614734,
      13.510154550780365,
      22.594256869133677,
      20.454545454545464,
      20.454545454545464,
      20.454545454545464,
      20.744111098433475,
      20.571645133062454,
      21.06328998181854,
      22.04542738123791,
      1.1985551664893401,
      20.454545454545464,
      21.912132428457426,
      14.633963195401783,
      11.137189130156367,
      20.454545454545464,
      20.573863636363644,
      20.964773023416374,
      3.204545454545454,
      21.941362912060992,
      20.63002986776363,
      20.454545454545464,
      6.278999023406811,
      22.391548802983433
    ],
    "episode_lengths": [
      4,
      30,
      5,
      30,
      30,
      7,
      14,
      30,
      30,
      30,
      30,
      30,
      30,
      29,
      30,
      30,
      30,
      30,
      3,
      3,
      30,
      15,
      30,
      30,
      30,
      30,
      20,
      20,
      30,
      30,
      30,
      30,
      30,
      30,
      30,
      30,
      2,
      30,
      30,
      21,
      15,
      30,
      30,
      30,
      5,
      30,
      30,
      30,
      8,
      30
    ],
    "stats": {
      "mean": 17.187728302588894,
      "std": 6.921763773015049,
      "min": 1.1985551664893401,
      "max": 23.746823136443826,
      "median": 20.571645133062454
    }
  },
  "stable_baselines": {
    "rewards": [
      21.750401240602404,
      26.77957965754038,
      4.957172438484455,
      7.9590122436400925,
      16.199526868905505,
      9.957166466041883,
      6.989439821899443,
      9.275343708736665,
      14.959012213830917,
      9.794132034087188,
      8.957161894797395,
      17.9537244355491,
      8.957162630788783,
      11.27719403203803,
      7.957166494980669,
      26.379466788224136,
      9.959012214701307,
      8.955299524416185,
      5.1234066663578846,
      1.9602091714909529,
      4.957168599026561,
      7.275343757307104,
      8.195335499551836,
      23.09074986522841,
      9.959012214701307,
      11.56585144333617,
      7.957166494980669,
      19.786741929366794,
      7.756350524100142,
      1.9602091714909529,
      6.959012388268193,
      2.9592167598122607,
      13.953482690219351,
      20.647847092013226,
      15.851778314032293,
      4.959018187143877,
      6.959012388268193,
      15.246202634292203,
      13.955311572553024,
      4.957172438484455,
      3.9590471683324666,
      1.9602091714909529,
      6.959012388268193,
      8.95532555344303,
      14.001329087655538,
      20.192109666877933,
      16.955047541097226,
      5.955057689223602,
      3.9590471683324666,
      19.038442033654253
    ],
    "episode_lengths": [
      23,
      28,
      6,
      9,
      19,
      11,
      8,
      10,
      16,
      11,
      10,
      19,
      10,
      12,
      9,
      30,
      11,
      10,
      6,
      3,
      6,
      8,
      9,
      30,
      11,
      13,
      9,
      21,
      9,
      3,
      8,
      4,
      15,
      25,
      17,
      6,
      8,
      17,
      15,
      6,
      5,
      3,
      8,
      10,
      15,
      21,
      18,
      7,
      5,
      21
    ],
    "stats": {
      "mean": 10.939744039593322,
      "std": 6.365422869802778,
      "min": 1.9602091714909529,
      "max": 26.77957965754038,
      "median": 8.957162262793089
    }
  },
  "comparison": {
    "difference": -6.247984262995573,
    "percent_difference": -36.351425581090155,
    "winner": "Custom DQN"
  }
}